{
    "pm25": {
        "count": 53,
        "mean": 2.5290309347773427e-08,
        "median": 2.4211644245042407e-08,
        "min": 3.6365646050029454e-09,
        "max": 7.526575274141578e-08,
        "std": 1.3945506306567736e-08
    },
    "pm10": {
        "count": 53,
        "mean": 3.626447357920908e-08,
        "median": 3.4730895492884883e-08,
        "min": 5.247115186790552e-09,
        "max": 1.0765667468604079e-07,
        "std": 1.9930151349741584e-08
    },
    "aqi": {
        "count": 53,
        "mean": 1.0537628894905594e-07,
        "median": 1.0088185102101004e-07,
        "min": 1.5152352520845607e-08,
        "max": 3.1360730308923246e-07,
        "std": 5.8106276277365564e-08
    },
    "aqi_categories": {
        "Good": 53
    }
}